CustomerId,FirstName,LastName,FullName,Email,PhoneNumber,Address,City,Country,DateOfBirth,RegistrationDate,IsActive,Salary
1,John,Wilson,john.wilson@example.com,(954) 638-4387,5097 Main St,Los Angeles,Italy,09-Nov-92 12:00:00 AM,03-Oct-22 1:18:20 PM,True,62309
2,Hannah,Smith,hannah.smith@example.com,(512) 429-3769,8351 Main St,Austin,Italy,03-Mar-78 12:00:00 AM,25-Jul-24 1:18:20 PM,True,60216
3,John,Miller,john.miller@example.com,(370) 193-8356,7506 Main St,Phoenix,India,18-May-98 12:00:00 AM,20-May-24 1:18:20 PM,True,89025
4,John,Moore,john.moore@example.com,(211) 130-3547,6264 Main St,Dallas,Italy,03-Oct-87 12:00:00 AM,25-Oct-23 1:18:20 PM,False,85214
5,Frank,Jones,frank.jones@example.com,(785) 385-3529,3775 Main St,Philadelphia,Spain,03-Apr-94 12:00:00 AM,14-Nov-22 1:18:20 PM,True,62102
6,Jane,Miller,jane.miller@example.com,(496) 162-5302,9383 Main St,Philadelphia,Australia,13-Mar-89 12:00:00 AM,02-Sep-24 1:18:20 PM,True,48689
7,Frank,Wilson,frank.wilson@example.com,(166) 230-3702,8611 Main St,Los Angeles,Mexico,13-Nov-75 12:00:00 AM,05-Oct-22 1:18:20 PM,False,33307
8,Charlie,Johnson,charlie.johnson@example.com,(501) 795-7055,7542 Main St,San Diego,Spain,25-May-87 12:00:00 AM,07-Jul-22 1:18:20 PM,True,69530
9,Jane,Moore,jane.moore@example.com,(385) 209-2126,210 Main St,Los Angeles,Mexico,11-Aug-91 12:00:00 AM,06-Feb-24 1:18:20 PM,True,99862
10,Eve,Wilson,eve.wilson@example.com,(995) 792-8685,4582 Main St,Dallas,India,07-May-72 12:00:00 AM,29-Oct-22 1:18:20 PM,True,31688
11,Bob,Moore,bob.moore@example.com,(100) 393-9805,3633 Main St,New York,Mexico,16-Nov-79 12:00:00 AM,01-Jan-23 1:18:20 PM,False,90138
12,Frank,Moore,frank.moore@example.com,(284) 934-3021,5717 Main St,Dallas,Spain,02-Apr-94 12:00:00 AM,05-Jun-24 1:18:20 PM,True,30373
13,Hannah,Davis,hannah.davis@example.com,(395) 661-1511,32 Main St,Houston,Italy,16-May-70 12:00:00 AM,09-Dec-24 1:18:20 PM,True,48858
14,Grace,Taylor,grace.taylor@example.com,(316) 390-5936,973 Main St,Dallas,India,01-Aug-77 12:00:00 AM,08-Sep-23 1:18:20 PM,False,81710
15,Alice,Davis,alice.davis@example.com,(466) 274-6916,5664 Main St,New York,Italy,18-Jun-73 12:00:00 AM,21-Aug-23 1:18:20 PM,True,80919
16,Jane,Smith,jane.smith@example.com,(455) 316-1508,4524 Main St,Chicago,Germany,17-Dec-84 12:00:00 AM,23-Dec-23 1:18:20 PM,False,48959
17,Frank,Miller,frank.miller@example.com,(208) 376-7541,76 Main St,Houston,India,19-Aug-79 12:00:00 AM,20-Dec-22 1:18:20 PM,False,64705
18,John,Johnson,john.johnson@example.com,(359) 826-4276,6696 Main St,Houston,Italy,04-Apr-73 12:00:00 AM,29-Jan-25 1:18:20 PM,True,70733
19,Hannah,Jones,hannah.jones@example.com,(843) 255-6503,5538 Main St,Philadelphia,Canada,01-May-94 12:00:00 AM,03-Nov-22 1:18:20 PM,False,72107
20,Jane,Jones,jane.jones@example.com,(955) 293-6744,4621 Main St,Chicago,Spain,15-Nov-98 12:00:00 AM,28-Jul-24 1:18:20 PM,True,52849
21,David,Wilson,david.wilson@example.com,(171) 318-4658,2375 Main St,San Diego,USA,12-Jul-98 12:00:00 AM,24-Jun-23 1:18:20 PM,True,88501
22,Jane,Johnson,jane.johnson@example.com,(513) 213-2075,5700 Main St,Houston,Italy,01-Dec-85 12:00:00 AM,02-Nov-23 1:18:20 PM,True,77818
23,Charlie,Johnson,charlie.johnson@example.com,(932) 595-1365,961 Main St,Chicago,Spain,08-Jan-83 12:00:00 AM,17-Dec-24 1:18:20 PM,True,49318
24,Hannah,Miller,hannah.miller@example.com,(311) 758-5057,8581 Main St,Phoenix,Australia,20-Oct-91 12:00:00 AM,06-Oct-22 1:18:20 PM,False,53305
25,Jane,Brown,jane.brown@example.com,(232) 477-9161,1336 Main St,Chicago,India,16-Nov-83 12:00:00 AM,17-Jul-23 1:18:20 PM,True,81226
26,Alice,Smith,alice.smith@example.com,(392) 499-8851,6235 Main St,Chicago,France,16-Aug-82 12:00:00 AM,20-May-23 1:18:20 PM,True,97844
27,John,Jones,john.jones@example.com,(683) 934-2371,7467 Main St,Los Angeles,France,13-Aug-73 12:00:00 AM,03-Aug-24 1:18:20 PM,True,83014
28,Grace,Miller,grace.miller@example.com,(335) 513-3939,6956 Main St,San Antonio,Spain,16-Feb-79 12:00:00 AM,12-Apr-24 1:18:20 PM,False,59661
29,Eve,Smith,eve.smith@example.com,(935) 287-2955,7878 Main St,Houston,USA,01-Dec-89 12:00:00 AM,01-Sep-22 1:18:20 PM,True,51405
30,Alice,Smith,alice.smith@example.com,(246) 507-4158,3338 Main St,Dallas,Mexico,11-Jul-92 12:00:00 AM,16-Aug-24 1:18:20 PM,False,49437
31,Charlie,Brown,charlie.brown@example.com,(444) 760-9073,7766 Main St,Los Angeles,Australia,24-Nov-83 12:00:00 AM,26-Jan-23 1:18:20 PM,False,46635
32,Charlie,Brown,charlie.brown@example.com,(458) 329-1490,5183 Main St,Austin,Germany,24-Jul-95 12:00:00 AM,23-Aug-23 1:18:20 PM,False,84526
33,Frank,Davis,frank.davis@example.com,(278) 783-1783,9816 Main St,Houston,Spain,06-Dec-74 12:00:00 AM,17-May-24 1:18:20 PM,False,67298
34,Frank,Smith,frank.smith@example.com,(272) 386-4988,4676 Main St,Chicago,India,05-Nov-74 12:00:00 AM,25-Apr-23 1:18:20 PM,False,71373
35,David,Smith,david.smith@example.com,(859) 958-4992,6366 Main St,Dallas,Australia,15-Dec-86 12:00:00 AM,14-Dec-23 1:18:20 PM,False,95405
36,Eve,Williams,eve.williams@example.com,(182) 952-4040,5348 Main St,Austin,India,24-Sep-88 12:00:00 AM,07-Oct-23 1:18:20 PM,True,49094
37,Jane,Jones,jane.jones@example.com,(152) 637-6620,4218 Main St,Houston,Spain,15-Oct-76 12:00:00 AM,03-Sep-24 1:18:20 PM,True,62656
38,John,Taylor,john.taylor@example.com,(634) 669-3761,4288 Main St,Los Angeles,Canada,28-Jul-80 12:00:00 AM,18-Feb-24 1:18:20 PM,True,94443
39,John,Wilson,john.wilson@example.com,(751) 380-4695,3569 Main St,Chicago,Italy,20-Jan-86 12:00:00 AM,17-Sep-24 1:18:20 PM,True,39089
40,David,Miller,david.miller@example.com,(359) 168-6586,7142 Main St,Philadelphia,Spain,07-Jul-84 12:00:00 AM,18-Jun-22 1:18:20 PM,False,44890
41,Hannah,Taylor,hannah.taylor@example.com,(407) 476-4783,6583 Main St,New York,USA,13-Nov-84 12:00:00 AM,03-Oct-23 1:18:20 PM,False,74506
42,Hannah,Taylor,hannah.taylor@example.com,(781) 734-2612,3435 Main St,San Antonio,UK,05-Feb-96 12:00:00 AM,03-Sep-23 1:18:20 PM,True,60121
43,Grace,Davis,grace.davis@example.com,(225) 246-4234,3367 Main St,San Antonio,Germany,11-Apr-95 12:00:00 AM,12-Oct-23 1:18:20 PM,False,59433
44,Charlie,Taylor,charlie.taylor@example.com,(913) 139-6245,4614 Main St,San Diego,India,01-Jul-84 12:00:00 AM,26-Jul-22 1:18:20 PM,True,75700
45,Charlie,Taylor,charlie.taylor@example.com,(486) 591-3726,7614 Main St,Austin,USA,16-Oct-92 12:00:00 AM,30-Apr-24 1:18:20 PM,True,62457
46,Jane,Davis,jane.davis@example.com,(587) 876-9746,1716 Main St,New York,Canada,10-Jun-79 12:00:00 AM,07-Oct-22 1:18:20 PM,False,74949
47,Eve,Wilson,eve.wilson@example.com,(808) 742-3427,2117 Main St,San Diego,Canada,15-Aug-74 12:00:00 AM,10-Jul-24 1:18:20 PM,False,80480
48,David,Smith,david.smith@example.com,(609) 603-7811,4053 Main St,Austin,Australia,01-Oct-73 12:00:00 AM,17-Aug-24 1:18:20 PM,False,88178
49,David,Williams,david.williams@example.com,(829) 893-1720,5109 Main St,Dallas,France,07-Jan-89 12:00:00 AM,21-Jan-24 1:18:20 PM,False,62703
50,Grace,Johnson,grace.johnson@example.com,(714) 121-7762,6847 Main St,San Diego,USA,27-Jul-98 12:00:00 AM,29-Jun-23 1:18:20 PM,True,71512
51,Eve,Smith,eve.smith@example.com,(986) 221-7764,7792 Main St,Los Angeles,France,06-Aug-97 12:00:00 AM,13-Oct-23 1:18:20 PM,True,64953
52,Frank,Jones,frank.jones@example.com,(518) 393-6803,4757 Main St,Dallas,Spain,10-Aug-72 12:00:00 AM,23-Nov-24 1:18:20 PM,True,45722
53,Jane,Davis,jane.davis@example.com,(770) 597-8923,7235 Main St,San Diego,USA,04-Jun-78 12:00:00 AM,26-Aug-24 1:18:20 PM,False,61072
54,John,Taylor,john.taylor@example.com,(114) 230-2886,5204 Main St,Chicago,Mexico,17-Jul-76 12:00:00 AM,15-Sep-22 1:18:20 PM,False,97541
55,Eve,Wilson,eve.wilson@example.com,(551) 775-2951,2770 Main St,Austin,India,08-Oct-73 12:00:00 AM,13-Nov-24 1:18:20 PM,True,41265
56,Bob,Brown,bob.brown@example.com,(282) 132-9300,3176 Main St,Los Angeles,Mexico,03-Mar-75 12:00:00 AM,10-Mar-23 1:18:20 PM,True,85168
57,John,Williams,john.williams@example.com,(429) 264-5275,1326 Main St,Houston,Germany,19-Apr-70 12:00:00 AM,05-Mar-23 1:18:20 PM,True,69937
58,Hannah,Jones,hannah.jones@example.com,(573) 418-7592,7037 Main St,Austin,France,14-Feb-85 12:00:00 AM,10-Aug-23 1:18:20 PM,False,56202
59,Grace,Davis,grace.davis@example.com,(662) 703-7669,9595 Main St,San Diego,UK,20-Nov-99 12:00:00 AM,25-Nov-23 1:18:20 PM,False,52281
60,Eve,Williams,eve.williams@example.com,(114) 666-7201,9738 Main St,San Diego,India,22-Mar-85 12:00:00 AM,13-Feb-23 1:18:20 PM,False,90462
61,Eve,Johnson,eve.johnson@example.com,(966) 358-4270,1618 Main St,Phoenix,USA,13-Jul-98 12:00:00 AM,17-Jul-23 1:18:20 PM,False,43433
62,Bob,Taylor,bob.taylor@example.com,(905) 545-9026,9153 Main St,New York,Mexico,27-Feb-78 12:00:00 AM,08-May-24 1:18:20 PM,False,47112
63,Bob,Johnson,bob.johnson@example.com,(262) 844-2086,317 Main St,New York,Spain,21-Dec-81 12:00:00 AM,25-Jan-24 1:18:20 PM,False,85247
64,Grace,Miller,grace.miller@example.com,(734) 298-1540,9018 Main St,San Diego,USA,20-Jan-90 12:00:00 AM,02-Apr-23 1:18:20 PM,False,42255
65,Grace,Brown,grace.brown@example.com,(916) 267-5418,476 Main St,Phoenix,India,10-Feb-71 12:00:00 AM,27-Jan-24 1:18:20 PM,False,98169
66,Jane,Wilson,jane.wilson@example.com,(369) 849-5550,9543 Main St,Houston,Italy,20-Aug-89 12:00:00 AM,16-May-24 1:18:20 PM,False,66942
67,Grace,Wilson,grace.wilson@example.com,(289) 873-6382,8449 Main St,Chicago,USA,19-May-85 12:00:00 AM,29-Nov-23 1:18:20 PM,True,78700
68,John,Williams,john.williams@example.com,(539) 149-8173,5617 Main St,Philadelphia,Italy,27-Dec-84 12:00:00 AM,19-May-22 1:18:20 PM,False,69592
69,Grace,Johnson,grace.johnson@example.com,(212) 819-9611,2252 Main St,Houston,France,19-Oct-95 12:00:00 AM,18-Sep-23 1:18:20 PM,True,59105
70,Alice,Smith,alice.smith@example.com,(627) 816-6910,9820 Main St,Dallas,France,09-Dec-88 12:00:00 AM,29-Dec-22 1:18:20 PM,True,50053
71,Alice,Brown,alice.brown@example.com,(206) 717-5416,4887 Main St,Austin,Germany,12-Oct-99 12:00:00 AM,23-Sep-23 1:18:20 PM,False,51742
72,Alice,Brown,alice.brown@example.com,(847) 895-9425,6238 Main St,Chicago,India,09-May-70 12:00:00 AM,17-Sep-24 1:18:20 PM,True,88503
73,David,Davis,david.davis@example.com,(917) 778-3610,7246 Main St,Chicago,Mexico,07-May-89 12:00:00 AM,20-Jan-25 1:18:20 PM,False,50498
74,Eve,Moore,eve.moore@example.com,(795) 583-2267,6905 Main St,Houston,UK,03-Dec-79 12:00:00 AM,16-Mar-24 1:18:20 PM,False,53845
75,John,Jones,john.jones@example.com,(563) 202-1653,4903 Main St,San Antonio,Spain,01-Aug-75 12:00:00 AM,23-Nov-24 1:18:20 PM,False,72903
76,Hannah,Wilson,hannah.wilson@example.com,(881) 581-2275,5939 Main St,Los Angeles,UK,14-Jan-81 12:00:00 AM,17-Nov-22 1:18:20 PM,True,59244
77,Hannah,Moore,hannah.moore@example.com,(279) 463-5910,4797 Main St,Dallas,Italy,21-Feb-82 12:00:00 AM,03-Mar-23 1:18:20 PM,False,99870
78,Frank,Davis,frank.davis@example.com,(234) 533-5963,5240 Main St,Dallas,USA,25-Jan-96 12:00:00 AM,08-Jun-22 1:18:20 PM,False,65594
79,Eve,Moore,eve.moore@example.com,(842) 192-1104,5254 Main St,Chicago,India,07-Feb-86 12:00:00 AM,12-Sep-23 1:18:20 PM,True,40604
80,Charlie,Williams,charlie.williams@example.com,(614) 833-1374,3414 Main St,Philadelphia,Australia,16-Nov-71 12:00:00 AM,21-Dec-22 1:18:20 PM,True,73814
81,Hannah,Williams,hannah.williams@example.com,(285) 240-9227,199 Main St,Austin,Germany,17-Mar-87 12:00:00 AM,21-Nov-24 1:18:20 PM,True,65543
82,Alice,Jones,alice.jones@example.com,(882) 887-8698,654 Main St,Houston,USA,18-Mar-75 12:00:00 AM,04-Nov-23 1:18:20 PM,False,95695
83,Hannah,Jones,hannah.jones@example.com,(171) 216-2840,6411 Main St,Philadelphia,Australia,18-Apr-80 12:00:00 AM,16-Dec-23 1:18:20 PM,False,36769
84,John,Davis,john.davis@example.com,(321) 156-9506,7632 Main St,Phoenix,Spain,13-Jan-78 12:00:00 AM,23-Nov-23 1:18:20 PM,True,34226
85,Charlie,Johnson,charlie.johnson@example.com,(452) 506-4412,5659 Main St,New York,USA,07-Jun-90 12:00:00 AM,01-Sep-24 1:18:20 PM,False,93804
86,John,Smith,john.smith@example.com,(724) 555-8195,3864 Main St,San Antonio,USA,07-Feb-84 12:00:00 AM,11-Mar-24 1:18:20 PM,False,36061
87,Alice,Jones,alice.jones@example.com,(190) 106-6566,1981 Main St,Philadelphia,France,14-May-90 12:00:00 AM,02-Nov-23 1:18:20 PM,False,79518
88,Jane,Wilson,jane.wilson@example.com,(593) 904-5205,4079 Main St,San Antonio,France,12-Feb-76 12:00:00 AM,07-Aug-22 1:18:20 PM,True,81625
89,Alice,Brown,alice.brown@example.com,(246) 200-8714,1060 Main St,Austin,Canada,22-Aug-92 12:00:00 AM,02-Dec-24 1:18:20 PM,False,48447
90,Hannah,Moore,hannah.moore@example.com,(597) 150-7097,3001 Main St,Phoenix,France,05-Mar-75 12:00:00 AM,21-Dec-22 1:18:20 PM,False,78194
91,Alice,Miller,alice.miller@example.com,(914) 894-4283,1938 Main St,Houston,India,26-Jun-99 12:00:00 AM,01-Apr-23 1:18:20 PM,True,77372
92,Grace,Johnson,grace.johnson@example.com,(550) 153-9269,9178 Main St,New York,France,27-Sep-75 12:00:00 AM,07-Apr-24 1:18:20 PM,False,83436
93,David,Jones,david.jones@example.com,(843) 134-3346,5312 Main St,San Antonio,UK,28-Oct-98 12:00:00 AM,19-Jun-22 1:18:20 PM,False,31794
94,Jane,Brown,jane.brown@example.com,(840) 624-7537,9477 Main St,Chicago,UK,15-Sep-82 12:00:00 AM,17-Jul-23 1:18:20 PM,False,67312
95,Grace,Moore,grace.moore@example.com,(917) 539-9935,334 Main St,Philadelphia,France,27-Jul-84 12:00:00 AM,21-Apr-24 1:18:20 PM,True,77363
96,Eve,Taylor,eve.taylor@example.com,(423) 142-9400,1754 Main St,Philadelphia,Italy,14-Sep-96 12:00:00 AM,15-Nov-24 1:18:20 PM,False,37000
97,John,Davis,john.davis@example.com,(684) 208-1523,2875 Main St,New York,Italy,15-Dec-88 12:00:00 AM,04-Sep-22 1:18:20 PM,True,40995
98,Jane,Wilson,jane.wilson@example.com,(785) 917-5755,5076 Main St,San Antonio,Italy,19-Apr-76 12:00:00 AM,20-Mar-24 1:18:20 PM,False,38979
99,Frank,Johnson,frank.johnson@example.com,(587) 791-7103,3766 Main St,San Diego,India,04-Mar-70 12:00:00 AM,17-Dec-23 1:18:20 PM,True,73251
100,Frank,Miller,frank.miller@example.com,(975) 394-8743,6248 Main St,Philadelphia,UK,02-Nov-70 12:00:00 AM,14-May-24 1:18:20 PM,False,43213
